,,,,,,,,,,,,,,,,,,,,,,,,,,,,,,,,,,,,,,,,,,,,,,,,,,,,,,,,,,,
,,,,,,,,,,,,,,,,,,,,,,,,,,,,,,,,,,,,,,,,,,,,,,,,,,,,,,,,,,,
 ,Line Item,Description,Projected Budget,Projected Commitments,Estimate at Completion,Actuals To Date,Actuals + Projections,Oct 2017,Nov 2017,Dec 2017,Jan 2018,Feb 2018,Mar 2018,Apr 2018,May 2018,Jun 2018,Jul 2018,Aug 2018,Sep 2018,Oct 2018,Nov 2018,Dec 2018,Jan 2019,Feb 2019,Mar 2019,Apr 2019,May 2019,Jun 2019,Jul 2019,Aug 2019,Sep 2019,Oct 2019,Nov 2019,Dec 2019,Jan 2020,Feb 2020,Mar 2020,Apr 2020,May 2020,Jun 2020,Jul 2020,Aug 2020,Sep 2020,Oct 2020,Nov 2020,Dec 2020,Jan 2021,Feb 2021,Mar 2021,Apr 2021,May 2021,Jun 2021,Jul 2021,Aug 2021,Sep 2021,Oct 2021,Nov 2021,Dec 2021,Jan 2022
,00,Site Clearance of Hazardous or Obstructing Existing Conditions Prior to Prime Contract,"195,000.00","5,113.80","198,113.80","4,664.28","4,664.28",0.00,0.00,0.00,0.00,113.80,0.00,0.00,0.00,0.00,0.00,0.00,0.00,0.00,0.00,0.00,0.00,0.00,0.00,0.00,0.00,0.00,0.00,0.00,0.00,0.00,0.00,0.00,0.00,0.00,0.00,453.81,"1,503.57",142.16,"1,898.79",0.00,0.00,0.00,0.00,0.00,0.00,0.00,0.00,0.00,0.00,0.00,552.15,0.00,0.00,0.00,0.00,0.00,0.00
 ,00.001,Environmental Site Conditions,"45,000.00",0.00,"45,000.00",0.00,0.00,0.00,0.00,0.00,0.00,0.00,0.00,0.00,0.00,0.00,0.00,0.00,0.00,0.00,0.00,0.00,0.00,0.00,0.00,0.00,0.00,0.00,0.00,0.00,0.00,0.00,0.00,0.00,0.00,0.00,0.00,0.00,0.00,0.00,0.00,0.00,0.00,0.00,0.00,0.00,0.00,0.00,0.00,0.00,0.00,0.00,0.00,0.00,0.00,0.00,0.00,0.00,0.00
 ,00.005,Temporary Fencing and Facilities Required for Site Clearance,"15,000.00",0.00,"15,000.00",0.00,0.00,0.00,0.00,0.00,0.00,0.00,0.00,0.00,0.00,0.00,0.00,0.00,0.00,0.00,0.00,0.00,0.00,0.00,0.00,0.00,0.00,0.00,0.00,0.00,0.00,0.00,0.00,0.00,0.00,0.00,0.00,0.00,0.00,0.00,0.00,0.00,0.00,0.00,0.00,0.00,0.00,0.00,0.00,0.00,0.00,0.00,0.00,0.00,0.00,0.00,0.00,0.00,0.00
 ,00.006,Earthwork and Shoring Required for Site Clearance,"28,000.00",0.00,"28,000.00",0.00,0.00,0.00,0.00,0.00,0.00,0.00,0.00,0.00,0.00,0.00,0.00,0.00,0.00,0.00,0.00,0.00,0.00,0.00,0.00,0.00,0.00,0.00,0.00,0.00,0.00,0.00,0.00,0.00,0.00,0.00,0.00,0.00,0.00,0.00,0.00,0.00,0.00,0.00,0.00,0.00,0.00,0.00,0.00,0.00,0.00,0.00,0.00,0.00,0.00,0.00,0.00,0.00,0.00
 ,00.007,Storm water BMP's During Site Clearance,"55,000.00",0.00,"55,000.00",0.00,0.00,0.00,0.00,0.00,0.00,0.00,0.00,0.00,0.00,0.00,0.00,0.00,0.00,0.00,0.00,0.00,0.00,0.00,0.00,0.00,0.00,0.00,0.00,0.00,0.00,0.00,0.00,0.00,0.00,0.00,0.00,0.00,0.00,0.00,0.00,0.00,0.00,0.00,0.00,0.00,0.00,0.00,0.00,0.00,0.00,0.00,0.00,0.00,0.00,0.00,0.00,0.00,0.00
 ,00.008,Removal and Disposal of Contaminated Soils,"50,000.00",0.00,"50,000.00",0.00,0.00,0.00,0.00,0.00,0.00,0.00,0.00,0.00,0.00,0.00,0.00,0.00,0.00,0.00,0.00,0.00,0.00,0.00,0.00,0.00,0.00,0.00,0.00,0.00,0.00,0.00,0.00,0.00,0.00,0.00,0.00,0.00,0.00,0.00,0.00,0.00,0.00,0.00,0.00,0.00,0.00,0.00,0.00,0.00,0.00,0.00,0.00,0.00,0.00,0.00,0.00,0.00,0.00
 ,00.108,Facilities Management,"2,000.00","5,113.80","5,113.80","4,664.28","4,664.28",0.00,0.00,0.00,0.00,113.80,0.00,0.00,0.00,0.00,0.00,0.00,0.00,0.00,0.00,0.00,0.00,0.00,0.00,0.00,0.00,0.00,0.00,0.00,0.00,0.00,0.00,0.00,0.00,0.00,0.00,453.81,"1,503.57",142.16,"1,898.79",0.00,0.00,0.00,0.00,0.00,0.00,0.00,0.00,0.00,0.00,0.00,552.15,0.00,0.00,0.00,0.00,0.00,0.00
,01,Building Construction & Site Cost Inside Five Feet of Building Perimeter,"13,827,000.00","13,046,955.00","13,827,000.00","13,018,962.39","13,018,962.39",0.00,0.00,0.00,0.00,0.00,0.00,0.00,0.00,0.00,0.00,645.52,0.00,0.00,0.00,0.00,0.00,0.00,0.00,0.00,0.00,0.00,0.00,0.00,0.00,0.00,0.00,0.00,0.00,"11,700.00",0.00,"756,495.83","822,860.25","1,927,254.37","967,557.18",0.00,"1,020,764.51","3,358,650.29","1,330,686.02","809,706.86","247,120.82",419.51,"715,536.46",0.00,"403,595.97","539,743.55",0.00,"36,443.91",492.78,"69,212.62",75.94,0.00,0.00
 ,01.101,Prime General Contractor (Less Code 2 and 4 Costs),"13,000,000.00","12,921,570.00","13,000,000.00","12,921,569.99","12,921,569.99",0.00,0.00,0.00,0.00,0.00,0.00,0.00,0.00,0.00,0.00,0.00,0.00,0.00,0.00,0.00,0.00,0.00,0.00,0.00,0.00,0.00,0.00,0.00,0.00,0.00,0.00,0.00,0.00,0.00,0.00,"754,511.78","822,673.77","1,926,302.00","967,557.18",0.00,"1,019,901.87","3,358,650.29","1,329,962.70","808,943.17","247,120.82",0.00,"715,536.46",0.00,"403,595.97","461,179.16",0.00,"36,443.91",0.00,"69,190.92",(0.01),0.00,0.00
 ,01.103,Approved Change Orders,"600,000.00","72,185.00","600,000.00","72,185.00","72,185.00",0.00,0.00,0.00,0.00,0.00,0.00,0.00,0.00,0.00,0.00,0.00,0.00,0.00,0.00,0.00,0.00,0.00,0.00,0.00,0.00,0.00,0.00,0.00,0.00,0.00,0.00,0.00,0.00,0.00,0.00,0.00,0.00,0.00,0.00,0.00,0.00,0.00,0.00,0.00,0.00,0.00,0.00,0.00,0.00,"72,185.00",0.00,0.00,0.00,0.00,0.00,0.00,0.00
 ,01.107,Other Building/Specialty Contractors (Not Under Prime),"50,000.00",0.00,"50,000.00",0.00,0.00,0.00,0.00,0.00,0.00,0.00,0.00,0.00,0.00,0.00,0.00,0.00,0.00,0.00,0.00,0.00,0.00,0.00,0.00,0.00,0.00,0.00,0.00,0.00,0.00,0.00,0.00,0.00,0.00,0.00,0.00,0.00,0.00,0.00,0.00,0.00,0.00,0.00,0.00,0.00,0.00,0.00,0.00,0.00,0.00,0.00,0.00,0.00,0.00,0.00,0.00,0.00,0.00
 ,01.108,Facilites Management/Engineering Work Orders,"100,000.00","24,500.00","100,000.00","6,635.23","6,635.23",0.00,0.00,0.00,0.00,0.00,0.00,0.00,0.00,0.00,0.00,645.52,0.00,0.00,0.00,0.00,0.00,0.00,0.00,0.00,0.00,0.00,0.00,0.00,0.00,0.00,0.00,0.00,0.00,0.00,0.00,"1,984.05",186.48,952.37,0.00,0.00,862.64,0.00,723.32,763.69,0.00,419.51,0.00,0.00,0.00,0.00,0.00,0.00,0.00,21.70,75.95,0.00,0.00
 ,01.109,Telecommunications (ACT),"30,000.00","16,500.00","30,000.00","6,379.39","6,379.39",0.00,0.00,0.00,0.00,0.00,0.00,0.00,0.00,0.00,0.00,0.00,0.00,0.00,0.00,0.00,0.00,0.00,0.00,0.00,0.00,0.00,0.00,0.00,0.00,0.00,0.00,0.00,0.00,0.00,0.00,0.00,0.00,0.00,0.00,0.00,0.00,0.00,0.00,0.00,0.00,0.00,0.00,0.00,0.00,"6,379.39",0.00,0.00,0.00,0.00,0.00,0.00,0.00
 ,01.111,"Lock Keying, FM Lock Shop Work Orders","2,000.00",500.00,"2,000.00",492.78,492.78,0.00,0.00,0.00,0.00,0.00,0.00,0.00,0.00,0.00,0.00,0.00,0.00,0.00,0.00,0.00,0.00,0.00,0.00,0.00,0.00,0.00,0.00,0.00,0.00,0.00,0.00,0.00,0.00,0.00,0.00,0.00,0.00,0.00,0.00,0.00,0.00,0.00,0.00,0.00,0.00,0.00,0.00,0.00,0.00,0.00,0.00,0.00,492.78,0.00,0.00,0.00,0.00
 ,01.112,Builders Risk Insurance,"17,000.00","11,700.00","17,000.00","11,700.00","11,700.00",0.00,0.00,0.00,0.00,0.00,0.00,0.00,0.00,0.00,0.00,0.00,0.00,0.00,0.00,0.00,0.00,0.00,0.00,0.00,0.00,0.00,0.00,0.00,0.00,0.00,0.00,0.00,0.00,"11,700.00",0.00,0.00,0.00,0.00,0.00,0.00,0.00,0.00,0.00,0.00,0.00,0.00,0.00,0.00,0.00,0.00,0.00,0.00,0.00,0.00,0.00,0.00,0.00
 ,01.115,Building Signage,"8,000.00",0.00,"8,000.00",0.00,0.00,0.00,0.00,0.00,0.00,0.00,0.00,0.00,0.00,0.00,0.00,0.00,0.00,0.00,0.00,0.00,0.00,0.00,0.00,0.00,0.00,0.00,0.00,0.00,0.00,0.00,0.00,0.00,0.00,0.00,0.00,0.00,0.00,0.00,0.00,0.00,0.00,0.00,0.00,0.00,0.00,0.00,0.00,0.00,0.00,0.00,0.00,0.00,0.00,0.00,0.00,0.00,0.00
 ,01.119,"Utility Shutdowns, Temporary Utility Services and Facilities","20,000.00",0.00,"20,000.00",0.00,0.00,0.00,0.00,0.00,0.00,0.00,0.00,0.00,0.00,0.00,0.00,0.00,0.00,0.00,0.00,0.00,0.00,0.00,0.00,0.00,0.00,0.00,0.00,0.00,0.00,0.00,0.00,0.00,0.00,0.00,0.00,0.00,0.00,0.00,0.00,0.00,0.00,0.00,0.00,0.00,0.00,0.00,0.00,0.00,0.00,0.00,0.00,0.00,0.00,0.00,0.00,0.00,0.00
,02,"Exterior Utility Work, Outside Five Feet of Building Perimeter",0.00,"94,590.00","94,590.00","94,590.00","94,590.00",0.00,0.00,0.00,0.00,0.00,0.00,0.00,0.00,0.00,0.00,0.00,0.00,0.00,0.00,0.00,0.00,0.00,0.00,0.00,0.00,0.00,0.00,0.00,0.00,0.00,0.00,0.00,0.00,0.00,0.00,0.00,0.00,0.00,0.00,0.00,0.00,0.00,0.00,0.00,"89,860.50",0.00,0.00,"4,729.50",0.00,0.00,0.00,0.00,0.00,0.00,0.00,0.00,0.00
 ,02.201,Other Site Utility/Specialty Contractors NOT Under Prime,0.00,"94,590.00","94,590.00","94,590.00","94,590.00",0.00,0.00,0.00,0.00,0.00,0.00,0.00,0.00,0.00,0.00,0.00,0.00,0.00,0.00,0.00,0.00,0.00,0.00,0.00,0.00,0.00,0.00,0.00,0.00,0.00,0.00,0.00,0.00,0.00,0.00,0.00,0.00,0.00,0.00,0.00,0.00,0.00,0.00,0.00,"89,860.50",0.00,0.00,"4,729.50",0.00,0.00,0.00,0.00,0.00,0.00,0.00,0.00,0.00
,05,External Design Consultant Fees,"1,460,000.00","1,138,660.00","1,460,000.00","1,120,895.55","1,120,895.55",0.00,0.00,0.00,0.00,0.00,0.00,0.00,0.00,0.00,"24,637.50","14,782.50","9,855.00","24,637.50","49,275.00","36,956.25","184,781.25","11,560.00","1,672.80","53,092.50","86,231.25","172,462.50",0.00,"34,492.50",0.00,0.00,0.00,"29,565.00",0.00,0.00,"6,159.38","6,543.37","23,232.75","18,269.38","14,124.00","22,348.12","37,784.75","28,859.75","25,964.75","22,162.75","20,878.75","28,275.50","14,030.75","12,318.75","24,637.00","12,318.75","36,956.25","16,260.75",0.00,0.00,"15,768.50",0.00,0.00
 ,05.501,Executive Architect/Engineer,"1,025,000.00","985,500.00","1,025,000.00","985,500.00","985,500.00",0.00,0.00,0.00,0.00,0.00,0.00,0.00,0.00,0.00,"24,637.50","14,782.50","9,855.00","24,637.50","49,275.00","36,956.25","184,781.25",0.00,0.00,"51,738.75","86,231.25","172,462.50",0.00,"34,492.50",0.00,0.00,0.00,"29,565.00",0.00,0.00,"6,159.38","6,159.37","12,318.75","6,159.38",0.00,"22,178.12","12,318.75","12,318.75","12,318.75","12,318.75","12,318.75","24,637.50","12,318.75","12,318.75","24,637.00","12,318.75","36,956.25","16,260.75",0.00,0.00,"12,068.50",0.00,0.00
 ,05.503,Special Foundation Design (non-geotechnical),"50,000.00",0.00,"50,000.00",0.00,0.00,0.00,0.00,0.00,0.00,0.00,0.00,0.00,0.00,0.00,0.00,0.00,0.00,0.00,0.00,0.00,0.00,0.00,0.00,0.00,0.00,0.00,0.00,0.00,0.00,0.00,0.00,0.00,0.00,0.00,0.00,0.00,0.00,0.00,0.00,0.00,0.00,0.00,0.00,0.00,0.00,0.00,0.00,0.00,0.00,0.00,0.00,0.00,0.00,0.00,0.00,0.00,0.00
 ,05.505,Geotechnical Design Contingency (Unforeseen Soil Conditions),"50,000.00",0.00,"50,000.00",0.00,0.00,0.00,0.00,0.00,0.00,0.00,0.00,0.00,0.00,0.00,0.00,0.00,0.00,0.00,0.00,0.00,0.00,0.00,0.00,0.00,0.00,0.00,0.00,0.00,0.00,0.00,0.00,0.00,0.00,0.00,0.00,0.00,0.00,0.00,0.00,0.00,0.00,0.00,0.00,0.00,0.00,0.00,0.00,0.00,0.00,0.00,0.00,0.00,0.00,0.00,0.00,0.00,0.00
 ,05.507,Construction Management and/or Scheduling Consultants,"10,000.00","5,000.00","10,000.00","1,870.00","1,870.00",0.00,0.00,0.00,0.00,0.00,0.00,0.00,0.00,0.00,0.00,0.00,0.00,0.00,0.00,0.00,0.00,0.00,0.00,0.00,0.00,0.00,0.00,0.00,0.00,0.00,0.00,0.00,0.00,0.00,0.00,170.00,0.00,340.00,0.00,170.00,0.00,170.00,"1,020.00",0.00,0.00,0.00,0.00,0.00,0.00,0.00,0.00,0.00,0.00,0.00,0.00,0.00,0.00
 ,05.508,Building Code/Plan Review and Fire/Life Safety Consultant,"10,000.00",0.00,"10,000.00",0.00,0.00,0.00,0.00,0.00,0.00,0.00,0.00,0.00,0.00,0.00,0.00,0.00,0.00,0.00,0.00,0.00,0.00,0.00,0.00,0.00,0.00,0.00,0.00,0.00,0.00,0.00,0.00,0.00,0.00,0.00,0.00,0.00,0.00,0.00,0.00,0.00,0.00,0.00,0.00,0.00,0.00,0.00,0.00,0.00,0.00,0.00,0.00,0.00,0.00,0.00,0.00,0.00,0.00
 ,05.509,Cost Estimating Consultants,"30,000.00","19,460.00","30,000.00","14,586.55","14,586.55",0.00,0.00,0.00,0.00,0.00,0.00,0.00,0.00,0.00,0.00,0.00,0.00,0.00,0.00,0.00,0.00,"11,560.00","1,672.80","1,353.75",0.00,0.00,0.00,0.00,0.00,0.00,0.00,0.00,0.00,0.00,0.00,0.00,0.00,0.00,0.00,0.00,0.00,0.00,0.00,0.00,0.00,0.00,0.00,0.00,0.00,0.00,0.00,0.00,0.00,0.00,0.00,0.00,0.00
 ,05.511,Executive Architect/Engineer Reimbursable Costs,"10,000.00",0.00,"10,000.00",0.00,0.00,0.00,0.00,0.00,0.00,0.00,0.00,0.00,0.00,0.00,0.00,0.00,0.00,0.00,0.00,0.00,0.00,0.00,0.00,0.00,0.00,0.00,0.00,0.00,0.00,0.00,0.00,0.00,0.00,0.00,0.00,0.00,0.00,0.00,0.00,0.00,0.00,0.00,0.00,0.00,0.00,0.00,0.00,0.00,0.00,0.00,0.00,0.00,0.00,0.00,0.00,0.00,0.00
 ,05.512,Executive A/E Additional Services/Design Change Authorizations,"50,000.00","3,700.00","50,000.00","3,700.00","3,700.00",0.00,0.00,0.00,0.00,0.00,0.00,0.00,0.00,0.00,0.00,0.00,0.00,0.00,0.00,0.00,0.00,0.00,0.00,0.00,0.00,0.00,0.00,0.00,0.00,0.00,0.00,0.00,0.00,0.00,0.00,0.00,0.00,0.00,0.00,0.00,0.00,0.00,0.00,0.00,0.00,0.00,0.00,0.00,0.00,0.00,0.00,0.00,0.00,0.00,"3,700.00",0.00,0.00
 ,05.513,Consulting IOR/Construction Inspection,"125,000.00","125,000.00","125,000.00","115,239.00","115,239.00",0.00,0.00,0.00,0.00,0.00,0.00,0.00,0.00,0.00,0.00,0.00,0.00,0.00,0.00,0.00,0.00,0.00,0.00,0.00,0.00,0.00,0.00,0.00,0.00,0.00,0.00,0.00,0.00,0.00,0.00,214.00,"10,914.00","11,770.00","14,124.00",0.00,"25,466.00","16,371.00","12,626.00","9,844.00","8,560.00","3,638.00","1,712.00",0.00,0.00,0.00,0.00,0.00,0.00,0.00,0.00,0.00,0.00
 ,05.599,Other External Design Consultants,"100,000.00",0.00,"100,000.00",0.00,0.00,0.00,0.00,0.00,0.00,0.00,0.00,0.00,0.00,0.00,0.00,0.00,0.00,0.00,0.00,0.00,0.00,0.00,0.00,0.00,0.00,0.00,0.00,0.00,0.00,0.00,0.00,0.00,0.00,0.00,0.00,0.00,0.00,0.00,0.00,0.00,0.00,0.00,0.00,0.00,0.00,0.00,0.00,0.00,0.00,0.00,0.00,0.00,0.00,0.00,0.00,0.00,0.00
,06,Internal FD&C Recharge Services,"490,000.00","364,699.25","549,739.00","364,699.25","364,699.25",430.00,"1,820.00","3,525.00","4,170.00",500.00,0.00,265.00,700.00,"3,065.00","1,245.00","3,920.00","2,125.00","7,085.00",0.00,"4,590.00","4,783.25","12,096.00","2,602.00","1,650.00","2,910.00","4,269.00","7,245.00","3,668.00","9,430.00","7,750.00","7,022.50","4,722.25","5,895.75","4,184.25","7,185.50","13,574.75","17,410.50","10,993.75","14,729.00","31,121.50","9,378.25","15,090.00","12,902.25","14,344.50",0.00,"7,581.50","28,345.50","16,289.50","13,116.50","11,700.25",0.00,"16,041.00","2,787.00","4,074.00","6,366.00",0.00,0.00
 ,06.601,FD&C Project Administration,"30,000.00","22,764.00","30,000.00","22,764.00","22,764.00",0.00,0.00,0.00,0.00,0.00,0.00,0.00,0.00,0.00,0.00,250.00,250.00,500.00,0.00,0.00,0.00,250.00,250.00,250.00,250.00,250.00,500.00,500.00,250.00,250.00,500.00,0.00,190.00,0.00,0.00,0.00,"1,250.00",250.00,0.00,750.00,0.00,0.00,760.00,380.00,0.00,0.00,380.00,"4,370.00","3,420.00","2,090.00",0.00,"1,748.00",0.00,"1,672.00","1,254.00",0.00,0.00
 ,06.602,FD&C Project Management,"240,000.00","151,462.50","240,000.00","151,462.50","151,462.50",0.00,0.00,0.00,0.00,0.00,0.00,0.00,0.00,0.00,0.00,0.00,0.00,0.00,0.00,0.00,0.00,0.00,0.00,0.00,0.00,0.00,"6,745.00","3,168.00","6,537.50","4,695.00","3,255.00","1,296.00","1,152.00","1,008.00","3,168.00","6,461.00","9,303.00","5,760.00","8,784.00","16,272.00","6,624.00","8,784.00","7,200.00","7,632.00",0.00,"3,744.00","12,096.00","5,184.00","3,888.00","4,464.00",0.00,"6,737.00","2,133.00","2,054.00","3,318.00",0.00,0.00
 ,06.603,FD&C Project Engineering/Mechanical/Electrical/Civil,"80,000.00","82,831.00","82,831.00","82,831.00","82,831.00",250.00,"1,400.00","3,225.00","3,900.00",500.00,0.00,250.00,700.00,"2,900.00","1,125.00","3,355.00","1,860.00","6,585.00",0.00,"3,960.00","3,980.00","11,090.00","2,100.00","1,400.00","2,660.00","3,830.00",0.00,0.00,925.00,"2,220.00","1,110.00","1,665.00","2,220.00","1,110.00","1,480.00","3,700.00","2,035.00","1,295.00","1,295.00","2,984.00",0.00,0.00,0.00,0.00,0.00,720.00,"3,293.00","1,008.00",701.00,0.00,0.00,0.00,0.00,0.00,0.00,0.00,0.00
 ,06.604,FD&C Contracts Office,"20,000.00","16,032.50","20,000.00","16,032.50","16,032.50",60.00,420.00,300.00,270.00,0.00,0.00,15.00,0.00,165.00,120.00,315.00,15.00,0.00,0.00,63.00,47.25,126.00,63.00,0.00,0.00,0.00,0.00,0.00,"1,360.00",520.00,"1,420.00","1,478.75","1,518.75","2,066.25","1,657.50",113.75,211.25,162.50,0.00,195.00,16.25,0.00,0.00,802.50,0.00,357.50,65.00,97.50,162.50,298.75,0.00,"1,297.50",54.00,0.00,198.00,0.00,0.00
 ,06.605,FD&C IOR/Construction Inspection,"20,000.00","76,908.00","76,908.00","76,908.00","76,908.00",0.00,0.00,0.00,0.00,0.00,0.00,0.00,0.00,0.00,0.00,0.00,0.00,0.00,0.00,0.00,0.00,0.00,0.00,0.00,0.00,0.00,0.00,0.00,0.00,0.00,250.00,250.00,750.00,0.00,750.00,"2,000.00","3,750.00","3,250.00","4,000.00","9,250.00","1,750.00","5,500.00","4,250.00","4,750.00",0.00,"2,500.00","10,750.00","5,500.00","4,750.00","4,750.00",0.00,"6,226.00",276.00,276.00,"1,380.00",0.00,0.00
 ,06.606,Capital Planning/Campus Budget Office,"2,000.00",0.00,"2,000.00",0.00,0.00,0.00,0.00,0.00,0.00,0.00,0.00,0.00,0.00,0.00,0.00,0.00,0.00,0.00,0.00,0.00,0.00,0.00,0.00,0.00,0.00,0.00,0.00,0.00,0.00,0.00,0.00,0.00,0.00,0.00,0.00,0.00,0.00,0.00,0.00,0.00,0.00,0.00,0.00,0.00,0.00,0.00,0.00,0.00,0.00,0.00,0.00,0.00,0.00,0.00,0.00,0.00,0.00
 ,06.607,FD&C Project Specialist,"35,000.00","14,701.25","35,000.00","14,701.25","14,701.25",120.00,0.00,0.00,0.00,0.00,0.00,0.00,0.00,0.00,0.00,0.00,0.00,0.00,0.00,567.00,756.00,630.00,189.00,0.00,0.00,189.00,0.00,0.00,357.50,65.00,487.50,32.50,65.00,0.00,130.00,"1,300.00",861.25,276.25,650.00,"1,670.50",988.00,806.00,692.25,780.00,0.00,260.00,"1,761.50",130.00,195.00,97.50,0.00,32.50,324.00,72.00,216.00,0.00,0.00
 ,06.608,FD&C Fiscal Office,"3,000.00",0.00,"3,000.00",0.00,0.00,0.00,0.00,0.00,0.00,0.00,0.00,0.00,0.00,0.00,0.00,0.00,0.00,0.00,0.00,0.00,0.00,0.00,0.00,0.00,0.00,0.00,0.00,0.00,0.00,0.00,0.00,0.00,0.00,0.00,0.00,0.00,0.00,0.00,0.00,0.00,0.00,0.00,0.00,0.00,0.00,0.00,0.00,0.00,0.00,0.00,0.00,0.00,0.00,0.00,0.00,0.00,0.00
 ,06.612,UCSD Sustainablity Initiatives,"10,000.00",0.00,"10,000.00",0.00,0.00,0.00,0.00,0.00,0.00,0.00,0.00,0.00,0.00,0.00,0.00,0.00,0.00,0.00,0.00,0.00,0.00,0.00,0.00,0.00,0.00,0.00,0.00,0.00,0.00,0.00,0.00,0.00,0.00,0.00,0.00,0.00,0.00,0.00,0.00,0.00,0.00,0.00,0.00,0.00,0.00,0.00,0.00,0.00,0.00,0.00,0.00,0.00,0.00,0.00,0.00,0.00,0.00
 ,06.699,Other UCSD Employee Recharge Services',"50,000.00",0.00,"50,000.00",0.00,0.00,0.00,0.00,0.00,0.00,0.00,0.00,0.00,0.00,0.00,0.00,0.00,0.00,0.00,0.00,0.00,0.00,0.00,0.00,0.00,0.00,0.00,0.00,0.00,0.00,0.00,0.00,0.00,0.00,0.00,0.00,0.00,0.00,0.00,0.00,0.00,0.00,0.00,0.00,0.00,0.00,0.00,0.00,0.00,0.00,0.00,0.00,0.00,0.00,0.00,0.00,0.00,0.00
,07,"Advertisement, Surveys, Soils Reports, Material Testing & Special Inspection, Reproduction Costs","186,000.00","97,758.59","186,000.00","71,927.59","71,927.59",0.00,975.00,0.00,0.00,0.00,0.00,0.00,0.00,14.00,0.00,"5,669.50","7,837.90",0.00,0.00,7.40,388.81,0.00,0.00,0.00,0.00,0.00,0.00,0.00,0.00,"2,454.24",120.20,0.00,7.12,505.92,"2,018.50",333.75,"1,103.75","7,952.00","5,508.00","6,471.00","6,576.50",0.00,"18,315.00","4,194.00",115.00,0.00,0.00,0.00,0.00,"1,360.00",0.00,0.00,0.00,0.00,0.00,0.00,0.00
 ,07.701,Publishing and Advertising Costs,"5,000.00",975.00,"5,000.00",975.00,975.00,0.00,975.00,0.00,0.00,0.00,0.00,0.00,0.00,0.00,0.00,0.00,0.00,0.00,0.00,0.00,0.00,0.00,0.00,0.00,0.00,0.00,0.00,0.00,0.00,0.00,0.00,0.00,0.00,0.00,0.00,0.00,0.00,0.00,0.00,0.00,0.00,0.00,0.00,0.00,0.00,0.00,0.00,0.00,0.00,0.00,0.00,0.00,0.00,0.00,0.00,0.00,0.00
 ,07.702,Boundary and Topographic Surveys,"15,000.00",0.00,"15,000.00",0.00,0.00,0.00,0.00,0.00,0.00,0.00,0.00,0.00,0.00,0.00,0.00,0.00,0.00,0.00,0.00,0.00,0.00,0.00,0.00,0.00,0.00,0.00,0.00,0.00,0.00,0.00,0.00,0.00,0.00,0.00,0.00,0.00,0.00,0.00,0.00,0.00,0.00,0.00,0.00,0.00,0.00,0.00,0.00,0.00,0.00,0.00,0.00,0.00,0.00,0.00,0.00,0.00,0.00
 ,07.703,"Soils, Geology, Foundation Recommendations, Hydrology","20,000.00","15,995.00","20,000.00","15,995.00","15,995.00",0.00,0.00,0.00,0.00,0.00,0.00,0.00,0.00,0.00,0.00,"5,669.50","7,830.50",0.00,0.00,0.00,0.00,0.00,0.00,0.00,0.00,0.00,0.00,0.00,0.00,0.00,0.00,0.00,0.00,496.00,"1,999.00",0.00,0.00,0.00,0.00,0.00,0.00,0.00,0.00,0.00,0.00,0.00,0.00,0.00,0.00,0.00,0.00,0.00,0.00,0.00,0.00,0.00,0.00
 ,07.704,Material & Workmanship Testing & Inspection,"123,000.00","76,400.00","123,000.00","50,569.00","50,569.00",0.00,0.00,0.00,0.00,0.00,0.00,0.00,0.00,0.00,0.00,0.00,0.00,0.00,0.00,0.00,0.00,0.00,0.00,0.00,0.00,0.00,0.00,0.00,0.00,0.00,0.00,0.00,0.00,0.00,0.00,333.75,"1,103.75","7,952.00","5,508.00","6,471.00","6,576.50",0.00,"18,315.00","4,194.00",115.00,0.00,0.00,0.00,0.00,0.00,0.00,0.00,0.00,0.00,0.00,0.00,0.00
 ,07.705,Air Balance Testing,"2,000.00","1,360.00","2,000.00","1,360.00","1,360.00",0.00,0.00,0.00,0.00,0.00,0.00,0.00,0.00,0.00,0.00,0.00,0.00,0.00,0.00,0.00,0.00,0.00,0.00,0.00,0.00,0.00,0.00,0.00,0.00,0.00,0.00,0.00,0.00,0.00,0.00,0.00,0.00,0.00,0.00,0.00,0.00,0.00,0.00,0.00,0.00,0.00,0.00,0.00,0.00,"1,360.00",0.00,0.00,0.00,0.00,0.00,0.00,0.00
 ,07.707,Construction Document Reproduction Costs,"5,000.00","2,963.25","5,000.00","2,963.25","2,963.25",0.00,0.00,0.00,0.00,0.00,0.00,0.00,0.00,0.00,0.00,0.00,0.00,0.00,0.00,0.00,388.81,0.00,0.00,0.00,0.00,0.00,0.00,0.00,0.00,"2,454.24",120.20,0.00,0.00,0.00,0.00,0.00,0.00,0.00,0.00,0.00,0.00,0.00,0.00,0.00,0.00,0.00,0.00,0.00,0.00,0.00,0.00,0.00,0.00,0.00,0.00,0.00,0.00
 ,07.708,Postal/Courier Services,"1,000.00",65.34,"1,000.00",65.34,65.34,0.00,0.00,0.00,0.00,0.00,0.00,0.00,0.00,14.00,0.00,0.00,7.40,0.00,0.00,7.40,0.00,0.00,0.00,0.00,0.00,0.00,0.00,0.00,0.00,0.00,0.00,0.00,7.12,9.92,19.50,0.00,0.00,0.00,0.00,0.00,0.00,0.00,0.00,0.00,0.00,0.00,0.00,0.00,0.00,0.00,0.00,0.00,0.00,0.00,0.00,0.00,0.00
 ,07.799,"Other Surveys, Testing, or Reproduction Costs","15,000.00",0.00,"15,000.00",0.00,0.00,0.00,0.00,0.00,0.00,0.00,0.00,0.00,0.00,0.00,0.00,0.00,0.00,0.00,0.00,0.00,0.00,0.00,0.00,0.00,0.00,0.00,0.00,0.00,0.00,0.00,0.00,0.00,0.00,0.00,0.00,0.00,0.00,0.00,0.00,0.00,0.00,0.00,0.00,0.00,0.00,0.00,0.00,0.00,0.00,0.00,0.00,0.00,0.00,0.00,0.00,0.00,0.00
,08,Special Cost Items,"606,000.00","300,576.00","642,185.50","281,527.42","281,527.42",0.00,0.00,0.00,0.00,0.00,"11,750.00","5,875.00",0.00,"5,875.00",0.00,0.00,0.00,187.50,0.00,0.00,0.00,"25,491.50",0.00,0.00,0.00,"2,225.00",555.00,425.50,0.00,0.00,0.00,0.00,0.00,0.00,115.00,859.00,"5,683.00","16,775.40","3,345.00",0.00,"2,348.03","1,258.75","23,892.94",845.00,"11,721.75","5,496.75",600.05,"5,911.25","23,179.00",0.00,0.00,0.00,"47,112.00",0.00,"80,000.00",0.00,0.00
 ,08.802,Detailed Project Program (DPP) & Predesign Study Costs,"45,000.00","23,500.00","45,000.00","23,500.00","23,500.00",0.00,0.00,0.00,0.00,0.00,"11,750.00","5,875.00",0.00,"5,875.00",0.00,0.00,0.00,0.00,0.00,0.00,0.00,0.00,0.00,0.00,0.00,0.00,0.00,0.00,0.00,0.00,0.00,0.00,0.00,0.00,0.00,0.00,0.00,0.00,0.00,0.00,0.00,0.00,0.00,0.00,0.00,0.00,0.00,0.00,0.00,0.00,0.00,0.00,0.00,0.00,0.00,0.00,0.00
 ,08.804,Coastal Commission Review,"3,000.00",0.00,"3,000.00",0.00,0.00,0.00,0.00,0.00,0.00,0.00,0.00,0.00,0.00,0.00,0.00,0.00,0.00,0.00,0.00,0.00,0.00,0.00,0.00,0.00,0.00,0.00,0.00,0.00,0.00,0.00,0.00,0.00,0.00,0.00,0.00,0.00,0.00,0.00,0.00,0.00,0.00,0.00,0.00,0.00,0.00,0.00,0.00,0.00,0.00,0.00,0.00,0.00,0.00,0.00,0.00,0.00,0.00
 ,08.807,Value Engineering Sessions/Constructability and Peer Reviews,"15,000.00",0.00,"15,000.00",0.00,0.00,0.00,0.00,0.00,0.00,0.00,0.00,0.00,0.00,0.00,0.00,0.00,0.00,0.00,0.00,0.00,0.00,0.00,0.00,0.00,0.00,0.00,0.00,0.00,0.00,0.00,0.00,0.00,0.00,0.00,0.00,0.00,0.00,0.00,0.00,0.00,0.00,0.00,0.00,0.00,0.00,0.00,0.00,0.00,0.00,0.00,0.00,0.00,0.00,0.00,0.00,0.00,0.00
 ,08.808,"Plan Check Fees including DSA, SFM, & EH&S Review Charges","5,000.00","3,246.10","5,000.00","3,246.10","3,246.10",0.00,0.00,0.00,0.00,0.00,0.00,0.00,0.00,0.00,0.00,0.00,0.00,0.00,0.00,0.00,0.00,0.00,0.00,0.00,0.00,0.00,0.00,0.00,0.00,0.00,0.00,0.00,0.00,0.00,115.00,0.00,115.00,230.00,230.00,0.00,360.05,0.00,345.00,0.00,798.00,923.00,130.05,0.00,0.00,0.00,0.00,0.00,0.00,0.00,0.00,0.00,0.00
 ,08.810,Environmental Mitigation Monitoring Services,"50,000.00","32,517.00","50,000.00","18,326.67","18,326.67",0.00,0.00,0.00,0.00,0.00,0.00,0.00,0.00,0.00,0.00,0.00,0.00,0.00,0.00,0.00,0.00,0.00,0.00,0.00,0.00,0.00,0.00,0.00,0.00,0.00,0.00,0.00,0.00,0.00,0.00,0.00,0.00,"4,462.50","3,115.00",0.00,"1,987.98","1,258.75","1,634.94",0.00,"3,423.75","1,973.75",470.00,0.00,0.00,0.00,0.00,0.00,0.00,0.00,0.00,0.00,0.00
 ,08.811,Hazardous Material Consultant,0.00,"1,718.00","1,718.00","1,718.00","1,718.00",0.00,0.00,0.00,0.00,0.00,0.00,0.00,0.00,0.00,0.00,0.00,0.00,0.00,0.00,0.00,0.00,0.00,0.00,0.00,0.00,0.00,0.00,0.00,0.00,0.00,0.00,0.00,0.00,0.00,0.00,859.00,0.00,0.00,0.00,0.00,0.00,0.00,859.00,0.00,0.00,0.00,0.00,0.00,0.00,0.00,0.00,0.00,0.00,0.00,0.00,0.00,0.00
 ,08.812,Special Design Consultants (Other),0.00,187.50,187.50,187.50,187.50,0.00,0.00,0.00,0.00,0.00,0.00,0.00,0.00,0.00,0.00,0.00,0.00,187.50,0.00,0.00,0.00,0.00,0.00,0.00,0.00,0.00,0.00,0.00,0.00,0.00,0.00,0.00,0.00,0.00,0.00,0.00,0.00,0.00,0.00,0.00,0.00,0.00,0.00,0.00,0.00,0.00,0.00,0.00,0.00,0.00,0.00,0.00,0.00,0.00,0.00,0.00,0.00
 ,08.813,Independent Seismic & Lateral Plan/Calc Review,"10,000.00","4,300.00","10,000.00","4,255.50","4,255.50",0.00,0.00,0.00,0.00,0.00,0.00,0.00,0.00,0.00,0.00,0.00,0.00,0.00,0.00,0.00,0.00,"1,850.00",0.00,0.00,0.00,"1,425.00",555.00,425.50,0.00,0.00,0.00,0.00,0.00,0.00,0.00,0.00,0.00,0.00,0.00,0.00,0.00,0.00,0.00,0.00,0.00,0.00,0.00,0.00,0.00,0.00,0.00,0.00,0.00,0.00,0.00,0.00,0.00
 ,08.816,"Interior Designer, Graphic Designer, Color Consultant","3,000.00",800.00,"3,000.00",800.00,800.00,0.00,0.00,0.00,0.00,0.00,0.00,0.00,0.00,0.00,0.00,0.00,0.00,0.00,0.00,0.00,0.00,0.00,0.00,0.00,0.00,800.00,0.00,0.00,0.00,0.00,0.00,0.00,0.00,0.00,0.00,0.00,0.00,0.00,0.00,0.00,0.00,0.00,0.00,0.00,0.00,0.00,0.00,0.00,0.00,0.00,0.00,0.00,0.00,0.00,0.00,0.00,0.00
 ,08.818,"Hazardous Materials Testing, Environmental Soils Sampling","20,000.00",0.00,"20,000.00",0.00,0.00,0.00,0.00,0.00,0.00,0.00,0.00,0.00,0.00,0.00,0.00,0.00,0.00,0.00,0.00,0.00,0.00,0.00,0.00,0.00,0.00,0.00,0.00,0.00,0.00,0.00,0.00,0.00,0.00,0.00,0.00,0.00,0.00,0.00,0.00,0.00,0.00,0.00,0.00,0.00,0.00,0.00,0.00,0.00,0.00,0.00,0.00,0.00,0.00,0.00,0.00,0.00,0.00
 ,08.820,Parking Impact Charges,"350,000.00","146,294.00","350,000.00","146,294.00","146,294.00",0.00,0.00,0.00,0.00,0.00,0.00,0.00,0.00,0.00,0.00,0.00,0.00,0.00,0.00,0.00,0.00,0.00,0.00,0.00,0.00,0.00,0.00,0.00,0.00,0.00,0.00,0.00,0.00,0.00,0.00,0.00,"5,568.00","11,136.00",0.00,0.00,0.00,0.00,"21,054.00",0.00,0.00,0.00,0.00,0.00,"16,704.00",0.00,0.00,0.00,"11,832.00",0.00,"80,000.00",0.00,0.00
 ,08.821,"LEED Consulting Serv,, USGBC Fees, and Other Sustainability Consult,",0.00,"34,280.00","34,280.00","32,566.25","32,566.25",0.00,0.00,0.00,0.00,0.00,0.00,0.00,0.00,0.00,0.00,0.00,0.00,0.00,0.00,0.00,0.00,0.00,0.00,0.00,0.00,0.00,0.00,0.00,0.00,0.00,0.00,0.00,0.00,0.00,0.00,0.00,0.00,0.00,0.00,0.00,0.00,0.00,0.00,0.00,"7,500.00","2,600.00",0.00,"5,911.25","6,475.00",0.00,0.00,0.00,"10,080.00",0.00,0.00,0.00,0.00
 ,08.823,As-Built Building Survey/Documentation of Existing Conditions,"40,000.00","2,798.40","40,000.00","2,798.40","2,798.40",0.00,0.00,0.00,0.00,0.00,0.00,0.00,0.00,0.00,0.00,0.00,0.00,0.00,0.00,0.00,0.00,"1,851.50",0.00,0.00,0.00,0.00,0.00,0.00,0.00,0.00,0.00,0.00,0.00,0.00,0.00,0.00,0.00,946.90,0.00,0.00,0.00,0.00,0.00,0.00,0.00,0.00,0.00,0.00,0.00,0.00,0.00,0.00,0.00,0.00,0.00,0.00,0.00
 ,08.824,"Building Commissioning Costs, Fundamental and Enhanced","35,000.00","28,300.00","35,000.00","25,200.00","25,200.00",0.00,0.00,0.00,0.00,0.00,0.00,0.00,0.00,0.00,0.00,0.00,0.00,0.00,0.00,0.00,0.00,0.00,0.00,0.00,0.00,0.00,0.00,0.00,0.00,0.00,0.00,0.00,0.00,0.00,0.00,0.00,0.00,0.00,0.00,0.00,0.00,0.00,0.00,0.00,0.00,0.00,0.00,0.00,0.00,0.00,0.00,0.00,"25,200.00",0.00,0.00,0.00,0.00
 ,08.827,Local Jurisdiction Fees/Potable & Reclaimed WaterlSewerlSDGE,"5,000.00",0.00,"5,000.00",0.00,0.00,0.00,0.00,0.00,0.00,0.00,0.00,0.00,0.00,0.00,0.00,0.00,0.00,0.00,0.00,0.00,0.00,0.00,0.00,0.00,0.00,0.00,0.00,0.00,0.00,0.00,0.00,0.00,0.00,0.00,0.00,0.00,0.00,0.00,0.00,0.00,0.00,0.00,0.00,0.00,0.00,0.00,0.00,0.00,0.00,0.00,0.00,0.00,0.00,0.00,0.00,0.00,0.00
 ,08.899,Other Special Items,"25,000.00","22,635.00","25,000.00","22,635.00","22,635.00",0.00,0.00,0.00,0.00,0.00,0.00,0.00,0.00,0.00,0.00,0.00,0.00,0.00,0.00,0.00,0.00,"21,790.00",0.00,0.00,0.00,0.00,0.00,0.00,0.00,0.00,0.00,0.00,0.00,0.00,0.00,0.00,0.00,0.00,0.00,0.00,0.00,0.00,0.00,845.00,0.00,0.00,0.00,0.00,0.00,0.00,0.00,0.00,0.00,0.00,0.00,0.00,0.00
,09,"Construction Contingency, Potential Unknown Factors","(1,264,000.00)",0.00,0.00,0.00,0.00,0.00,0.00,0.00,0.00,0.00,0.00,0.00,0.00,0.00,0.00,0.00,0.00,0.00,0.00,0.00,0.00,0.00,0.00,0.00,0.00,0.00,0.00,0.00,0.00,0.00,0.00,0.00,0.00,0.00,0.00,0.00,0.00,0.00,0.00,0.00,0.00,0.00,0.00,0.00,0.00,0.00,0.00,0.00,0.00,0.00,0.00,0.00,0.00,0.00,0.00,0.00,0.00
 ,09.999,Project Contingency,"(1,264,000.00)",0.00,0.00,0.00,0.00,0.00,0.00,0.00,0.00,0.00,0.00,0.00,0.00,0.00,0.00,0.00,0.00,0.00,0.00,0.00,0.00,0.00,0.00,0.00,0.00,0.00,0.00,0.00,0.00,0.00,0.00,0.00,0.00,0.00,0.00,0.00,0.00,0.00,0.00,0.00,0.00,0.00,0.00,0.00,0.00,0.00,0.00,0.00,0.00,0.00,0.00,0.00,0.00,0.00,0.00,0.00,0.00
 ,"Total 
Schedule Percent Complete", ,"15,500,000.00","15,048,352.64","16,957,628.30","14,957,266.48","14,957,266.48","430.00
0","2,795.00
0","3,525.00
0","4,170.00
0","613.80
0","11,750.00
0","6,140.00
0","700.00
0","8,954.00
0","25,882.50
0","25,017.52
0","19,817.90
0","31,910.00
0","49,275.00
0","41,553.65
0","189,953.31
0","49,147.50
0","4,274.80
0","54,742.50
0","89,141.25
0","178,956.50
0","7,800.00
0","38,586.00
0","9,430.00
0","10,204.24
0","7,142.70
0","34,287.25
0","5,902.87
0","16,390.17
0","15,478.38
0","778,260.51
0","871,793.82
0","1,981,387.06
0","1,007,161.97
0","59,940.62
0","1,076,852.04
0","3,403,858.79
0","1,411,760.96
0","851,253.11
0","369,696.82
0","41,773.26
0","758,512.76
0","39,249.00
0","464,528.47
0","565,122.55
0","37,508.40
0","68,745.66
0","50,391.78
0","73,286.62
0","102,210.44
0","0.00
0","0.00
100"