,,,,,,,,,,,,,,,,,,,,,,,,,,,,,,,,,,,,,,,,,,,,,,,,,,,,,,,,,,,,,,,,,,,,,,,,,,,,,
,,,,,,,,,,,,,,,,,,,,,,,,,,,,,,,,,,,,,,,,,,,,,,,,,,,,,,,,,,,,,,,,,,,,,,,,,,,,,
 ,Line Item,Description,Projected Budget,Projected Commitments,Estimate at Completion,Actuals To Date,Actuals + Projections,Sep 2017,Oct 2017,Nov 2017,Dec 2017,Jan 2018,Feb 2018,Mar 2018,Apr 2018,May 2018,Jun 2018,Jul 2018,Aug 2018,Sep 2018,Oct 2018,Nov 2018,Dec 2018,Jan 2019,Feb 2019,Mar 2019,Apr 2019,May 2019,Jun 2019,Jul 2019,Aug 2019,Sep 2019,Oct 2019,Nov 2019,Dec 2019,Jan 2020,Feb 2020,Mar 2020,Apr 2020,May 2020,Jun 2020,Jul 2020,Aug 2020,Sep 2020,Oct 2020,Nov 2020,Dec 2020,Jan 2021,Feb 2021,Mar 2021,Apr 2021,May 2021,Jun 2021,Jul 2021,Aug 2021,Sep 2021,Oct 2021,Nov 2021,Dec 2021,Jan 2022,Feb 2022,Mar 2022,Apr 2022,May 2022,Jun 2022,Jul 2022,Aug 2022,Sep 2022,Oct 2022,Nov 2022,Dec 2022,Jan 2023,Feb 2023,Mar 2023,Apr 2023,May 2023,Jun 2023
,00,Site Clearance of Hazardous or Obstructing Existing Conditions Prior to Prime Contract,"70,834.00","70,834.00","70,834.00","70,834.00","70,834.00",0.00,0.00,0.00,0.00,0.00,0.00,0.00,0.00,0.00,0.00,0.00,0.00,0.00,0.00,0.00,0.00,0.00,0.00,0.00,0.00,0.00,0.00,0.00,0.00,0.00,0.00,0.00,0.00,0.00,0.00,0.00,0.00,0.00,0.00,0.00,0.00,0.00,"70,834.00",0.00,0.00,0.00,0.00,0.00,0.00,0.00,0.00,0.00,0.00,0.00,0.00,0.00,0.00,0.00,0.00,0.00,0.00,0.00,0.00,0.00,0.00,0.00,0.00,0.00,0.00,0.00,0.00,0.00,0.00,0.00,0.00
 ,00.008,Removal and Disposal of Contaminated Soils,"70,834.00","70,834.00","70,834.00","70,834.00","70,834.00",0.00,0.00,0.00,0.00,0.00,0.00,0.00,0.00,0.00,0.00,0.00,0.00,0.00,0.00,0.00,0.00,0.00,0.00,0.00,0.00,0.00,0.00,0.00,0.00,0.00,0.00,0.00,0.00,0.00,0.00,0.00,0.00,0.00,0.00,0.00,0.00,0.00,"70,834.00",0.00,0.00,0.00,0.00,0.00,0.00,0.00,0.00,0.00,0.00,0.00,0.00,0.00,0.00,0.00,0.00,0.00,0.00,0.00,0.00,0.00,0.00,0.00,0.00,0.00,0.00,0.00,0.00,0.00,0.00,0.00,0.00
,01,Building Construction & Site Cost Inside Five Feet of Building Perimeter,"80,353.99","80,244.87","80,353.99","78,959.07","78,959.07",0.00,0.00,0.00,0.00,0.00,0.00,0.00,0.00,0.00,0.00,0.00,0.00,0.00,0.00,0.00,0.00,0.00,0.00,"1,123.19",0.00,0.00,"3,175.04",0.00,0.00,"4,211.78","4,764.45","3,056.08",570.61,"10,029.25","2,682.62","8,248.41",526.61,0.00,"1,359.39","5,757.10",0.00,719.00,0.00,614.40,755.58,0.00,"1,482.17",0.00,0.00,73.82,676.34,"1,096.86",359.17,"4,485.66",412.53,"13,167.65",0.00,"3,043.29","5,792.00",0.00,0.00,0.00,0.00,776.07,0.00,0.00,0.00,0.00,0.00,0.00,0.00,0.00,0.00,0.00,0.00
 ,01.108,Facilites Management/Engineering Work Orders,"61,066.49","61,041.49","61,066.49","61,016.49","61,016.49",0.00,0.00,0.00,0.00,0.00,0.00,0.00,0.00,0.00,0.00,0.00,0.00,0.00,0.00,0.00,0.00,0.00,0.00,"1,123.19",0.00,0.00,"3,175.04",0.00,0.00,"4,211.78","4,764.45","3,056.08",570.61,"10,029.25","1,966.74",328.41,526.61,0.00,302.89,"5,757.10",0.00,0.00,0.00,614.40,755.58,0.00,"1,482.17",0.00,0.00,73.82,196.86,"1,096.86",359.17,"4,485.66",412.53,"11,907.93",0.00,"3,043.29",0.00,0.00,0.00,0.00,0.00,776.07,0.00,0.00,0.00,0.00,0.00,0.00,0.00,0.00,0.00,0.00,0.00
 ,01.109,Telecommunications (ACT),"3,800.00","3,715.88","3,800.00","2,455.08","2,455.08",0.00,0.00,0.00,0.00,0.00,0.00,0.00,0.00,0.00,0.00,0.00,0.00,0.00,0.00,0.00,0.00,0.00,0.00,0.00,0.00,0.00,0.00,0.00,0.00,0.00,0.00,0.00,0.00,0.00,715.88,0.00,0.00,0.00,0.00,0.00,0.00,0.00,0.00,0.00,0.00,0.00,0.00,0.00,0.00,0.00,479.48,0.00,0.00,0.00,0.00,"1,259.72",0.00,0.00,0.00,0.00,0.00,0.00,0.00,0.00,0.00,0.00,0.00,0.00,0.00,0.00,0.00,0.00,0.00,0.00,0.00
 ,01.112,Builders Risk Insurance,"7,920.00","7,920.00","7,920.00","7,920.00","7,920.00",0.00,0.00,0.00,0.00,0.00,0.00,0.00,0.00,0.00,0.00,0.00,0.00,0.00,0.00,0.00,0.00,0.00,0.00,0.00,0.00,0.00,0.00,0.00,0.00,0.00,0.00,0.00,0.00,0.00,0.00,"7,920.00",0.00,0.00,0.00,0.00,0.00,0.00,0.00,0.00,0.00,0.00,0.00,0.00,0.00,0.00,0.00,0.00,0.00,0.00,0.00,0.00,0.00,0.00,0.00,0.00,0.00,0.00,0.00,0.00,0.00,0.00,0.00,0.00,0.00,0.00,0.00,0.00,0.00,0.00,0.00
 ,01.114,"Security Alarms, Video Security, Security Manpower","7,567.50","7,567.50","7,567.50","7,567.50","7,567.50",0.00,0.00,0.00,0.00,0.00,0.00,0.00,0.00,0.00,0.00,0.00,0.00,0.00,0.00,0.00,0.00,0.00,0.00,0.00,0.00,0.00,0.00,0.00,0.00,0.00,0.00,0.00,0.00,0.00,0.00,0.00,0.00,0.00,"1,056.50",0.00,0.00,719.00,0.00,0.00,0.00,0.00,0.00,0.00,0.00,0.00,0.00,0.00,0.00,0.00,0.00,0.00,0.00,0.00,"5,792.00",0.00,0.00,0.00,0.00,0.00,0.00,0.00,0.00,0.00,0.00,0.00,0.00,0.00,0.00,0.00,0.00
,02,"Exterior Utility Work, Outside Five Feet of Building Perimeter","21,518.00","21,518.00","21,518.00","16,150.00","16,150.00",0.00,0.00,0.00,0.00,0.00,0.00,0.00,0.00,0.00,0.00,0.00,0.00,0.00,0.00,0.00,0.00,0.00,0.00,0.00,"2,225.00","1,925.00",0.00,0.00,0.00,0.00,0.00,0.00,0.00,0.00,0.00,0.00,0.00,0.00,0.00,0.00,0.00,0.00,0.00,0.00,0.00,0.00,0.00,0.00,0.00,0.00,0.00,0.00,0.00,0.00,0.00,0.00,0.00,0.00,0.00,0.00,0.00,0.00,0.00,0.00,0.00,0.00,0.00,0.00,0.00,0.00,0.00,0.00,0.00,"12,000.00",0.00
 ,02.299,Other Exterior Utilities,"21,518.00","21,518.00","21,518.00","16,150.00","16,150.00",0.00,0.00,0.00,0.00,0.00,0.00,0.00,0.00,0.00,0.00,0.00,0.00,0.00,0.00,0.00,0.00,0.00,0.00,0.00,"2,225.00","1,925.00",0.00,0.00,0.00,0.00,0.00,0.00,0.00,0.00,0.00,0.00,0.00,0.00,0.00,0.00,0.00,0.00,0.00,0.00,0.00,0.00,0.00,0.00,0.00,0.00,0.00,0.00,0.00,0.00,0.00,0.00,0.00,0.00,0.00,0.00,0.00,0.00,0.00,0.00,0.00,0.00,0.00,0.00,0.00,0.00,0.00,0.00,0.00,"12,000.00",0.00
,04,"Site Development, Outside Five Feet of Building Perimeter","17,328,469.00","17,326,430.00","17,328,469.00","17,303,469.00","17,303,469.00",0.00,0.00,0.00,0.00,0.00,0.00,0.00,0.00,0.00,0.00,0.00,0.00,0.00,0.00,0.00,0.00,0.00,0.00,0.00,0.00,0.00,0.00,0.00,0.00,0.00,"546,303.00",0.00,"3,685,457.41","737,733.11","238,530.27","176,761.00","105,390.71","248,700.44","46,675.08","509,913.12","465,434.84","458,581.33","348,389.94","179,934.39","15,808.00","107,642.26","87,979.47","197,065.49","580,660.33","581,870.43","789,233.91","1,272,168.96","949,282.99","1,037,137.33","1,234,172.89","625,086.08","330,994.85",0.00,"104,339.26","254,015.65","165,044.78",0.00,"290,785.70","348,421.34","495,145.80","26,983.92",0.00,"61,824.92",0.00,0.00,0.00,0.00,0.00,0.00,0.00
 ,04.405,"Prime General Contractor, Other Site Development Component","17,303,469.00","17,303,469.00","17,303,469.00","17,303,469.00","17,303,469.00",0.00,0.00,0.00,0.00,0.00,0.00,0.00,0.00,0.00,0.00,0.00,0.00,0.00,0.00,0.00,0.00,0.00,0.00,0.00,0.00,0.00,0.00,0.00,0.00,0.00,"546,303.00",0.00,"3,685,457.41","737,733.11","238,530.27","176,761.00","105,390.71","248,700.44","46,675.08","509,913.12","465,434.84","458,581.33","348,389.94","179,934.39","15,808.00","107,642.26","87,979.47","197,065.49","580,660.33","581,870.43","789,233.91","1,272,168.96","949,282.99","1,037,137.33","1,234,172.89","625,086.08","330,994.85",0.00,"104,339.26","254,015.65","165,044.78",0.00,"290,785.70","348,421.34","495,145.80","26,983.92",0.00,"61,824.92",0.00,0.00,0.00,0.00,0.00,0.00,0.00
 ,04.406,Other Site Development/Specialty Contractors NOT Under Prime,"25,000.00","22,961.00","25,000.00",0.00,0.00,0.00,0.00,0.00,0.00,0.00,0.00,0.00,0.00,0.00,0.00,0.00,0.00,0.00,0.00,0.00,0.00,0.00,0.00,0.00,0.00,0.00,0.00,0.00,0.00,0.00,0.00,0.00,0.00,0.00,0.00,0.00,0.00,0.00,0.00,0.00,0.00,0.00,0.00,0.00,0.00,0.00,0.00,0.00,0.00,0.00,0.00,0.00,0.00,0.00,0.00,0.00,0.00,0.00,0.00,0.00,0.00,0.00,0.00,0.00,0.00,0.00,0.00,0.00,0.00,0.00,0.00,0.00,0.00,0.00,0.00
,05,External Design Consultant Fees,"1,185,770.00","1,185,170.00","1,185,770.00","1,181,803.65","1,181,803.65",0.00,0.00,0.00,0.00,0.00,"28,687.50","21,311.75",0.00,"30,625.00","9,375.75",0.00,"59,091.53","42,428.47","4,625.00","6,050.00","77,763.00","5,400.00","9,875.00","68,666.99","18,455.00",0.00,"215,186.91","177,635.50","8,671.25","29,768.75","17,685.75","81,606.25","13,643.75","6,756.25","17,290.00","5,600.00","58,667.50","3,605.00","1,500.00","6,771.25",50.00,0.00,"5,905.50","1,600.00","26,000.00","1,225.00","10,518.75","1,743.75","15,556.25","11,731.25","5,415.63","3,422.50",0.00,"30,034.38","11,508.38","6,109.11",0.00,0.00,790.00,0.00,0.00,"2,700.00",0.00,0.00,"6,556.25",0.00,"12,700.00",0.00,0.00,"1,493.75",0.00,0.00,0.00,0.00,0.00
 ,05.501,Executive Architect/Engineer,"1,141,770.00","1,141,170.00","1,141,770.00","1,141,169.25","1,141,169.25",0.00,0.00,0.00,0.00,0.00,"28,687.50","21,311.75",0.00,"30,625.00","9,375.75",0.00,"59,091.53","42,428.47",0.00,300.00,"74,905.00","5,400.00",0.00,"65,515.00","13,580.00",0.00,"211,732.50","177,635.50","7,796.25","29,018.75","17,060.75","81,606.25","13,643.75","6,756.25","17,290.00","5,600.00","58,667.50","3,605.00",0.00,"6,771.25",50.00,0.00,"5,905.50","1,600.00","26,000.00","1,225.00","10,518.75","1,743.75","15,556.25","11,731.25","5,415.63","3,422.50",0.00,"27,739.38","11,508.38","6,109.11",0.00,0.00,790.00,0.00,0.00,"2,700.00",0.00,0.00,"6,556.25",0.00,"12,700.00",0.00,0.00,"1,493.75",0.00,0.00,0.00,0.00,0.00
 ,05.506,Project Management Consultants,"30,000.00","30,000.00","30,000.00","30,000.00","30,000.00",0.00,0.00,0.00,0.00,0.00,0.00,0.00,0.00,0.00,0.00,0.00,0.00,0.00,"4,625.00","5,750.00","2,750.00",0.00,"1,875.00","3,000.00","4,875.00",0.00,"3,375.00",0.00,875.00,750.00,625.00,0.00,0.00,0.00,0.00,0.00,0.00,0.00,"1,500.00",0.00,0.00,0.00,0.00,0.00,0.00,0.00,0.00,0.00,0.00,0.00,0.00,0.00,0.00,0.00,0.00,0.00,0.00,0.00,0.00,0.00,0.00,0.00,0.00,0.00,0.00,0.00,0.00,0.00,0.00,0.00,0.00,0.00,0.00,0.00,0.00
 ,05.509,Cost Estimating Consultants,"8,000.00","8,000.00","8,000.00","8,000.00","8,000.00",0.00,0.00,0.00,0.00,0.00,0.00,0.00,0.00,0.00,0.00,0.00,0.00,0.00,0.00,0.00,0.00,0.00,"8,000.00",0.00,0.00,0.00,0.00,0.00,0.00,0.00,0.00,0.00,0.00,0.00,0.00,0.00,0.00,0.00,0.00,0.00,0.00,0.00,0.00,0.00,0.00,0.00,0.00,0.00,0.00,0.00,0.00,0.00,0.00,0.00,0.00,0.00,0.00,0.00,0.00,0.00,0.00,0.00,0.00,0.00,0.00,0.00,0.00,0.00,0.00,0.00,0.00,0.00,0.00,0.00,0.00
 ,05.511,Executive Architect/Engineer Reimbursable Costs,"6,000.00","6,000.00","6,000.00","2,634.40","2,634.40",0.00,0.00,0.00,0.00,0.00,0.00,0.00,0.00,0.00,0.00,0.00,0.00,0.00,0.00,0.00,108.00,0.00,0.00,151.99,0.00,0.00,79.41,0.00,0.00,0.00,0.00,0.00,0.00,0.00,0.00,0.00,0.00,0.00,0.00,0.00,0.00,0.00,0.00,0.00,0.00,0.00,0.00,0.00,0.00,0.00,0.00,0.00,0.00,"2,295.00",0.00,0.00,0.00,0.00,0.00,0.00,0.00,0.00,0.00,0.00,0.00,0.00,0.00,0.00,0.00,0.00,0.00,0.00,0.00,0.00,0.00
,06,Internal FD&C Recharge Services,"708,000.00","709,633.50","711,939.50","709,633.50","709,672.00",0.00,635.00,"5,582.50","2,922.50","4,497.50","2,887.50",0.00,"4,255.00","4,225.00","4,377.50","3,032.50","4,310.00","3,919.25","10,060.75",0.00,"4,754.50","3,878.00","8,152.25","5,713.25","13,437.75","9,209.25","10,174.75","17,441.50","12,862.25","17,432.25","22,919.50","24,897.00","21,184.25","19,654.25","15,217.50","24,314.50","32,021.25","23,426.25","11,064.00","18,119.00","55,391.00","21,383.00","23,190.25","28,027.75","14,832.50",0.00,"7,188.00","27,540.50","14,177.00","16,263.50","17,022.00",0.00,"26,251.50","17,419.00","17,975.00","19,615.00",0.00,0.00,"16,786.00",0.00,"22,721.00","7,979.00",891.00,0.00,"(16,959.00)",898.50,201.50,721.00,413.25,"1,229.50",801.50,124.50,86.00,885.50,38.50
 ,06.601,FD&C Project Administration,"88,500.00","88,035.00","88,500.00","88,035.00","88,035.00",0.00,0.00,"2,880.00","1,135.00","1,135.00",830.00,0.00,830.00,830.00,830.00,240.00,"1,250.00","1,250.00","2,500.00",0.00,"1,250.00","1,250.00","2,055.00","1,990.00","3,072.50","2,517.50","2,055.00","3,720.00","1,260.00",725.00,"1,985.00","1,190.00","1,035.00",345.00,0.00,940.00,"1,690.00","1,940.00","1,070.00","1,450.00","17,330.00","5,400.00","4,760.00","12,020.00","1,140.00",0.00,380.00,380.00,0.00,0.00,0.00,0.00,0.00,"1,375.00",0.00,0.00,0.00,0.00,0.00,0.00,0.00,0.00,0.00,0.00,0.00,0.00,0.00,0.00,0.00,0.00,0.00,0.00,0.00,0.00,0.00
 ,06.602,FD&C Project Management,"242,000.00","242,896.50","242,896.50","242,896.50","242,896.50",0.00,0.00,0.00,0.00,0.00,0.00,0.00,0.00,0.00,0.00,0.00,0.00,0.00,0.00,0.00,0.00,0.00,"3,750.00","2,937.50","4,187.50","3,625.00","2,132.50","6,587.50","8,528.50","9,961.00","12,692.00","14,617.00","11,520.50","11,858.00","8,960.00","14,044.50","15,267.50","11,757.50","4,361.50","6,021.50","14,648.50","6,903.00","7,954.00","5,426.50","4,912.50",0.00,"1,748.00","3,670.50","2,042.00","4,203.50","4,919.50",0.00,"10,730.00","5,484.00","4,634.00","3,559.00",0.00,0.00,"3,076.00",0.00,"4,151.00","2,111.00",711.00,0.00,"(2,775.00)",860.00,86.00,344.00,86.00,344.00,86.00,86.00,86.00,0.00,0.00
 ,06.603,FD&C Project Engineering/Mechanical/Electrical/Civil,"45,000.00","44,372.50","45,000.00","44,372.50","44,372.50",0.00,0.00,"2,187.50","1,562.50","3,062.50","1,562.50",0.00,"3,125.00","2,750.00","3,187.50","2,187.50","2,625.00","2,250.00","5,687.50",0.00,"2,937.50","2,250.00","1,387.50",140.00,"4,275.00",562.50,"2,632.50",0.00,0.00,0.00,0.00,0.00,0.00,0.00,0.00,0.00,0.00,0.00,0.00,0.00,0.00,0.00,0.00,0.00,0.00,0.00,0.00,0.00,0.00,0.00,0.00,0.00,0.00,0.00,0.00,0.00,0.00,0.00,0.00,0.00,0.00,0.00,0.00,0.00,0.00,0.00,0.00,0.00,0.00,0.00,0.00,0.00,0.00,0.00,0.00
 ,06.604,FD&C Contracts Office,"32,500.00","34,738.50","34,738.50","34,738.50","34,777.00",0.00,635.00,395.00,45.00,150.00,150.00,0.00,30.00,75.00,60.00,245.00,120.00,120.00,723.50,0.00,252.00,0.00,140.75,141.75,"1,257.00","1,590.75","2,535.75","3,866.50","2,066.25",926.25,65.00,32.50,406.25,81.25,65.00,0.00,81.25,0.00,130.00,"2,750.00","2,122.50",260.00,276.25,"1,288.75","1,215.00",0.00,780.00,"1,410.00",130.00,162.50,815.00,0.00,"1,646.50",888.00,402.00,234.00,0.00,0.00,144.00,0.00,702.00,390.00,180.00,0.00,72.00,38.50,115.50,77.00,327.25,885.50,115.50,38.50,0.00,885.50,38.50
 ,06.605,FD&C IOR/Construction Inspection,"220,600.00","221,404.50","221,404.50","221,404.50","221,404.50",0.00,0.00,0.00,0.00,0.00,0.00,0.00,0.00,0.00,0.00,0.00,0.00,0.00,0.00,0.00,0.00,0.00,0.00,0.00,0.00,0.00,0.00,"1,850.00",0.00,"4,682.50","7,235.00","7,985.00","6,500.00","5,875.00","5,250.00","8,355.00","12,350.00","8,120.00","4,625.00","6,370.00","13,360.00","5,375.00","6,625.00","5,750.00","4,250.00",0.00,"1,875.00","16,750.00","10,250.00","8,875.00","7,875.00",0.00,"8,917.00","6,900.00","10,419.00","11,178.00",0.00,0.00,"8,418.00",0.00,"12,144.00","2,346.00",0.00,0.00,0.00,0.00,0.00,300.00,0.00,0.00,600.00,0.00,0.00,0.00,0.00
 ,06.607,FD&C Project Specialist,"79,400.00","78,186.50","79,400.00","78,186.50","78,186.50",0.00,0.00,120.00,180.00,150.00,345.00,0.00,270.00,570.00,300.00,360.00,315.00,299.25,"1,149.75",0.00,315.00,378.00,819.00,504.00,645.75,913.50,819.00,"1,417.50","1,007.50","1,137.50",942.50,"1,072.50","1,722.50","1,495.00",942.50,975.00,"2,632.50","1,608.75",877.50,"1,527.50","7,930.00","3,445.00","3,575.00","3,542.50","3,315.00",0.00,"2,405.00","5,330.00","1,755.00","3,022.50","3,412.50",0.00,"4,958.00","2,772.00","2,520.00","4,644.00",0.00,0.00,"5,148.00",0.00,"5,724.00","3,132.00",0.00,0.00,"(14,256.00)",0.00,0.00,0.00,0.00,0.00,0.00,0.00,0.00,0.00,0.00
,07,"Advertisement, Surveys, Soils Reports, Material Testing & Special Inspection, Reproduction Costs","181,647.19","181,647.19","181,647.19","180,653.59","180,653.59","1,015.60",102.65,0.00,0.00,0.00,131.80,0.00,"15,002.50",0.00,"1,997.50","7,490.00",0.00,308.84,"7,000.00",7.70,7.12,0.00,565.97,"5,531.00","11,810.63",0.00,"1,589.41",970.56,0.00,"13,145.55","12,043.40","30,310.76","1,440.00","10,563.00","4,090.50","1,688.02",983.88,"1,372.00","4,712.00","5,194.05","2,302.50",507.18,"8,002.00",562.50,0.00,"9,393.50","1,926.56",310.00,655.00,664.91,0.00,655.00,0.00,600.00,0.00,"8,830.00","2,233.00","4,937.00",0.00,0.00,0.00,0.00,0.00,0.00,0.00,0.00,0.00,0.00,0.00,0.00,0.00,0.00,0.00,0.00,0.00
 ,07.701,Publishing and Advertising Costs,"1,015.60","1,015.60","1,015.60","1,015.60","1,015.60","1,015.60",0.00,0.00,0.00,0.00,0.00,0.00,0.00,0.00,0.00,0.00,0.00,0.00,0.00,0.00,0.00,0.00,0.00,0.00,0.00,0.00,0.00,0.00,0.00,0.00,0.00,0.00,0.00,0.00,0.00,0.00,0.00,0.00,0.00,0.00,0.00,0.00,0.00,0.00,0.00,0.00,0.00,0.00,0.00,0.00,0.00,0.00,0.00,0.00,0.00,0.00,0.00,0.00,0.00,0.00,0.00,0.00,0.00,0.00,0.00,0.00,0.00,0.00,0.00,0.00,0.00,0.00,0.00,0.00,0.00
 ,07.702,Boundary and Topographic Surveys,"49,810.00","49,810.00","49,810.00","48,816.40","48,816.40",0.00,0.00,0.00,0.00,0.00,0.00,0.00,"15,002.50",0.00,"1,997.50","7,490.00",0.00,0.00,"7,000.00",0.00,0.00,0.00,0.00,"5,520.00",0.00,0.00,0.00,0.00,0.00,0.00,0.00,"2,818.90","1,440.00",0.00,0.00,0.00,0.00,0.00,0.00,0.00,"2,302.50",0.00,0.00,562.50,0.00,0.00,"1,845.00",310.00,655.00,617.50,0.00,655.00,0.00,600.00,0.00,0.00,0.00,0.00,0.00,0.00,0.00,0.00,0.00,0.00,0.00,0.00,0.00,0.00,0.00,0.00,0.00,0.00,0.00,0.00,0.00
 ,07.703,"Soils, Geology, Foundation Recommendations, Hydrology","10,880.00","10,880.00","10,880.00","10,880.00","10,880.00",0.00,0.00,0.00,0.00,0.00,0.00,0.00,0.00,0.00,0.00,0.00,0.00,0.00,0.00,0.00,0.00,0.00,0.00,0.00,"10,880.00",0.00,0.00,0.00,0.00,0.00,0.00,0.00,0.00,0.00,0.00,0.00,0.00,0.00,0.00,0.00,0.00,0.00,0.00,0.00,0.00,0.00,0.00,0.00,0.00,0.00,0.00,0.00,0.00,0.00,0.00,0.00,0.00,0.00,0.00,0.00,0.00,0.00,0.00,0.00,0.00,0.00,0.00,0.00,0.00,0.00,0.00,0.00,0.00,0.00,0.00
 ,07.704,Material & Workmanship Testing & Inspection,"112,644.00","112,644.00","112,644.00","112,644.00","112,644.00",0.00,0.00,0.00,0.00,0.00,0.00,0.00,0.00,0.00,0.00,0.00,0.00,0.00,0.00,0.00,0.00,0.00,0.00,0.00,0.00,0.00,0.00,0.00,0.00,"12,455.85","12,043.40","27,491.86",0.00,"10,563.00","4,090.50","1,355.39",0.00,"1,372.00","4,712.00","5,164.50",0.00,0.00,"8,002.00",0.00,0.00,"9,393.50",0.00,0.00,0.00,0.00,0.00,0.00,0.00,0.00,0.00,"8,830.00","2,233.00","4,937.00",0.00,0.00,0.00,0.00,0.00,0.00,0.00,0.00,0.00,0.00,0.00,0.00,0.00,0.00,0.00,0.00,0.00
 ,07.707,Construction Document Reproduction Costs,"6,007.41","6,007.41","6,007.41","6,007.41","6,007.41",0.00,0.00,0.00,0.00,0.00,0.00,0.00,0.00,0.00,0.00,0.00,0.00,294.84,0.00,0.00,0.00,0.00,565.97,0.00,919.63,0.00,"1,178.41",756.69,0.00,689.70,0.00,0.00,0.00,0.00,0.00,0.00,983.88,0.00,0.00,29.55,0.00,507.18,0.00,0.00,0.00,0.00,81.56,0.00,0.00,0.00,0.00,0.00,0.00,0.00,0.00,0.00,0.00,0.00,0.00,0.00,0.00,0.00,0.00,0.00,0.00,0.00,0.00,0.00,0.00,0.00,0.00,0.00,0.00,0.00,0.00
 ,07.708,Postal/Courier Services,50.82,50.82,50.82,50.82,50.82,0.00,0.00,0.00,0.00,0.00,0.00,0.00,0.00,0.00,0.00,0.00,0.00,14.00,0.00,7.70,7.12,0.00,0.00,11.00,11.00,0.00,0.00,0.00,0.00,0.00,0.00,0.00,0.00,0.00,0.00,0.00,0.00,0.00,0.00,0.00,0.00,0.00,0.00,0.00,0.00,0.00,0.00,0.00,0.00,0.00,0.00,0.00,0.00,0.00,0.00,0.00,0.00,0.00,0.00,0.00,0.00,0.00,0.00,0.00,0.00,0.00,0.00,0.00,0.00,0.00,0.00,0.00,0.00,0.00,0.00
 ,07.709,"Meals, Travel & Entertainment Costs","1,191.95","1,191.95","1,191.95","1,191.95","1,191.95",0.00,102.65,0.00,0.00,0.00,131.80,0.00,0.00,0.00,0.00,0.00,0.00,0.00,0.00,0.00,0.00,0.00,0.00,0.00,0.00,0.00,411.00,213.87,0.00,0.00,0.00,0.00,0.00,0.00,0.00,332.63,0.00,0.00,0.00,0.00,0.00,0.00,0.00,0.00,0.00,0.00,0.00,0.00,0.00,0.00,0.00,0.00,0.00,0.00,0.00,0.00,0.00,0.00,0.00,0.00,0.00,0.00,0.00,0.00,0.00,0.00,0.00,0.00,0.00,0.00,0.00,0.00,0.00,0.00,0.00
 ,07.799,"Other Surveys, Testing, or Reproduction Costs",47.41,47.41,47.41,47.41,47.41,0.00,0.00,0.00,0.00,0.00,0.00,0.00,0.00,0.00,0.00,0.00,0.00,0.00,0.00,0.00,0.00,0.00,0.00,0.00,0.00,0.00,0.00,0.00,0.00,0.00,0.00,0.00,0.00,0.00,0.00,0.00,0.00,0.00,0.00,0.00,0.00,0.00,0.00,0.00,0.00,0.00,0.00,0.00,0.00,47.41,0.00,0.00,0.00,0.00,0.00,0.00,0.00,0.00,0.00,0.00,0.00,0.00,0.00,0.00,0.00,0.00,0.00,0.00,0.00,0.00,0.00,0.00,0.00,0.00,0.00
,08,Special Cost Items,"123,351.17","123,669.17","123,669.17","123,669.17","123,669.17",0.00,0.00,0.00,0.00,0.00,0.00,0.00,0.00,0.00,"4,800.00",0.00,0.00,92.00,712.80,"7,500.00","1,600.00","1,020.00",142.00,460.00,942.80,0.00,"3,135.00",657.00,550.00,304.00,"1,303.00","3,249.00","2,440.00",783.00,426.00,0.00,0.00,345.00,"3,338.75","7,183.00",0.00,"1,012.50","1,222.50","1,968.00",0.00,"2,231.00","3,481.00","1,407.00","11,644.98","7,505.50","2,655.00","5,690.00","3,300.59","3,226.50",115.00,284.00,"1,548.75",0.00,"29,842.00",284.00,808.00,142.00,"2,348.50",0.00,728.00,0.00,355.00,0.00,0.00,0.00,0.00,0.00,886.00,0.00,0.00
 ,08.803,"Environmental Review Costs, EIR Consultant & Related Costs","4,766.07","4,766.07","4,766.07","4,766.07","4,766.07",0.00,0.00,0.00,0.00,0.00,0.00,0.00,0.00,0.00,0.00,0.00,0.00,0.00,0.00,0.00,0.00,0.00,0.00,0.00,0.00,0.00,0.00,0.00,0.00,0.00,0.00,0.00,0.00,0.00,0.00,0.00,0.00,0.00,0.00,0.00,0.00,0.00,0.00,0.00,0.00,0.00,0.00,0.00,"3,467.48",0.00,0.00,0.00,"1,298.59",0.00,0.00,0.00,0.00,0.00,0.00,0.00,0.00,0.00,0.00,0.00,0.00,0.00,0.00,0.00,0.00,0.00,0.00,0.00,0.00,0.00,0.00
 ,08.807,Value Engineering Sessions/Constructability and Peer Reviews,"7,500.00","7,500.00","7,500.00","7,500.00","7,500.00",0.00,0.00,0.00,0.00,0.00,0.00,0.00,0.00,0.00,0.00,0.00,0.00,0.00,0.00,"7,500.00",0.00,0.00,0.00,0.00,0.00,0.00,0.00,0.00,0.00,0.00,0.00,0.00,0.00,0.00,0.00,0.00,0.00,0.00,0.00,0.00,0.00,0.00,0.00,0.00,0.00,0.00,0.00,0.00,0.00,0.00,0.00,0.00,0.00,0.00,0.00,0.00,0.00,0.00,0.00,0.00,0.00,0.00,0.00,0.00,0.00,0.00,0.00,0.00,0.00,0.00,0.00,0.00,0.00,0.00,0.00
 ,08.808,"Plan Check Fees including DSA, SFM, & EH&S Review Charges","16,406.10","16,406.10","16,406.10","16,406.10","16,406.10",0.00,0.00,0.00,0.00,0.00,0.00,0.00,0.00,0.00,0.00,0.00,0.00,92.00,712.80,0.00,0.00,0.00,142.00,460.00,942.80,0.00,115.00,497.00,0.00,0.00,328.00,115.00,0.00,0.00,426.00,0.00,0.00,345.00,230.00,"1,322.00",0.00,0.00,0.00,0.00,0.00,"1,136.00",781.00,"1,057.00",0.00,115.00,0.00,940.00,"1,772.00","1,114.50",115.00,284.00,0.00,0.00,568.00,284.00,808.00,142.00,355.00,0.00,284.00,0.00,355.00,0.00,0.00,0.00,0.00,0.00,568.00,0.00,0.00
 ,08.810,Environmental Mitigation Monitoring Services,"14,715.00","14,715.00","14,715.00","14,715.00","14,715.00",0.00,0.00,0.00,0.00,0.00,0.00,0.00,0.00,0.00,0.00,0.00,0.00,0.00,0.00,0.00,0.00,0.00,0.00,0.00,0.00,0.00,0.00,0.00,0.00,0.00,0.00,0.00,0.00,0.00,0.00,0.00,0.00,0.00,0.00,0.00,0.00,0.00,0.00,0.00,0.00,0.00,0.00,350.00,"6,115.00","3,270.00",0.00,"4,750.00",230.00,0.00,0.00,0.00,0.00,0.00,0.00,0.00,0.00,0.00,0.00,0.00,0.00,0.00,0.00,0.00,0.00,0.00,0.00,0.00,0.00,0.00,0.00
 ,08.817,"Pre-Construction Services/CMAR or CMGC Delivery, Part 1","29,274.00","29,274.00","29,274.00","29,274.00","29,274.00",0.00,0.00,0.00,0.00,0.00,0.00,0.00,0.00,0.00,0.00,0.00,0.00,0.00,0.00,0.00,0.00,0.00,0.00,0.00,0.00,0.00,0.00,0.00,0.00,0.00,0.00,0.00,0.00,0.00,0.00,0.00,0.00,0.00,0.00,0.00,0.00,0.00,0.00,0.00,0.00,0.00,0.00,0.00,0.00,0.00,0.00,0.00,0.00,0.00,0.00,0.00,0.00,0.00,"29,274.00",0.00,0.00,0.00,0.00,0.00,0.00,0.00,0.00,0.00,0.00,0.00,0.00,0.00,0.00,0.00,0.00
 ,08.820,Parking Impact Charges,"6,360.00","6,678.00","6,678.00","6,678.00","6,678.00",0.00,0.00,0.00,0.00,0.00,0.00,0.00,0.00,0.00,0.00,0.00,0.00,0.00,0.00,0.00,0.00,0.00,0.00,0.00,0.00,0.00,0.00,160.00,0.00,304.00,0.00,0.00,40.00,783.00,0.00,0.00,0.00,0.00,0.00,0.00,0.00,0.00,0.00,"1,188.00",0.00,0.00,0.00,0.00,0.00,"2,658.00",0.00,0.00,0.00,522.00,0.00,0.00,0.00,0.00,0.00,0.00,0.00,0.00,261.00,0.00,444.00,0.00,0.00,0.00,0.00,0.00,0.00,0.00,318.00,0.00,0.00
 ,08.822,"Special Design Consult, (ADA, Acoustic, Lab, Light,, Roof,, Traffic)","11,965.00","11,965.00","11,965.00","11,965.00","11,965.00",0.00,0.00,0.00,0.00,0.00,0.00,0.00,0.00,0.00,"4,800.00",0.00,0.00,0.00,0.00,0.00,"1,600.00","1,020.00",0.00,0.00,0.00,0.00,"3,020.00",0.00,550.00,0.00,975.00,0.00,0.00,0.00,0.00,0.00,0.00,0.00,0.00,0.00,0.00,0.00,0.00,0.00,0.00,0.00,0.00,0.00,0.00,0.00,0.00,0.00,0.00,0.00,0.00,0.00,0.00,0.00,0.00,0.00,0.00,0.00,0.00,0.00,0.00,0.00,0.00,0.00,0.00,0.00,0.00,0.00,0.00,0.00,0.00
 ,08.826,Art Work,"2,150.00","2,150.00","2,150.00","2,150.00","2,150.00",0.00,0.00,0.00,0.00,0.00,0.00,0.00,0.00,0.00,0.00,0.00,0.00,0.00,0.00,0.00,0.00,0.00,0.00,0.00,0.00,0.00,0.00,0.00,0.00,0.00,0.00,"2,150.00",0.00,0.00,0.00,0.00,0.00,0.00,0.00,0.00,0.00,0.00,0.00,0.00,0.00,0.00,0.00,0.00,0.00,0.00,0.00,0.00,0.00,0.00,0.00,0.00,0.00,0.00,0.00,0.00,0.00,0.00,0.00,0.00,0.00,0.00,0.00,0.00,0.00,0.00,0.00,0.00,0.00,0.00,0.00
 ,08.828,Other Campus Recharges,900.00,900.00,900.00,900.00,900.00,0.00,0.00,0.00,0.00,0.00,0.00,0.00,0.00,0.00,0.00,0.00,0.00,0.00,0.00,0.00,0.00,0.00,0.00,0.00,0.00,0.00,0.00,0.00,0.00,0.00,0.00,0.00,0.00,0.00,0.00,0.00,0.00,0.00,900.00,0.00,0.00,0.00,0.00,0.00,0.00,0.00,0.00,0.00,0.00,0.00,0.00,0.00,0.00,0.00,0.00,0.00,0.00,0.00,0.00,0.00,0.00,0.00,0.00,0.00,0.00,0.00,0.00,0.00,0.00,0.00,0.00,0.00,0.00,0.00,0.00
 ,08.899,Other Special Items,"29,315.00","29,315.00","29,315.00","29,315.00","29,315.00",0.00,0.00,0.00,0.00,0.00,0.00,0.00,0.00,0.00,0.00,0.00,0.00,0.00,0.00,0.00,0.00,0.00,0.00,0.00,0.00,0.00,0.00,0.00,0.00,0.00,0.00,984.00,"2,400.00",0.00,0.00,0.00,0.00,0.00,"2,208.75","5,861.00",0.00,"1,012.50","1,222.50",780.00,0.00,"1,095.00","2,700.00",0.00,"2,062.50","1,462.50","2,655.00",0.00,0.00,"1,590.00",0.00,0.00,"1,548.75",0.00,0.00,0.00,0.00,0.00,"1,732.50",0.00,0.00,0.00,0.00,0.00,0.00,0.00,0.00,0.00,0.00,0.00,0.00
,09,"Construction Contingency, Potential Unknown Factors","21,056.65",0.00,"21,056.65",0.00,0.00,0.00,0.00,0.00,0.00,0.00,0.00,0.00,0.00,0.00,0.00,0.00,0.00,0.00,0.00,0.00,0.00,0.00,0.00,0.00,0.00,0.00,0.00,0.00,0.00,0.00,0.00,0.00,0.00,0.00,0.00,0.00,0.00,0.00,0.00,0.00,0.00,0.00,0.00,0.00,0.00,0.00,0.00,0.00,0.00,0.00,0.00,0.00,0.00,0.00,0.00,0.00,0.00,0.00,0.00,0.00,0.00,0.00,0.00,0.00,0.00,0.00,0.00,0.00,0.00,0.00,0.00,0.00,0.00,0.00,0.00
 ,09.999,Project Contingency,"21,056.65",0.00,"21,056.65",0.00,0.00,0.00,0.00,0.00,0.00,0.00,0.00,0.00,0.00,0.00,0.00,0.00,0.00,0.00,0.00,0.00,0.00,0.00,0.00,0.00,0.00,0.00,0.00,0.00,0.00,0.00,0.00,0.00,0.00,0.00,0.00,0.00,0.00,0.00,0.00,0.00,0.00,0.00,0.00,0.00,0.00,0.00,0.00,0.00,0.00,0.00,0.00,0.00,0.00,0.00,0.00,0.00,0.00,0.00,0.00,0.00,0.00,0.00,0.00,0.00,0.00,0.00,0.00,0.00,0.00,0.00,0.00,0.00,0.00,0.00,0.00
 ,"Total 
Schedule Percent Complete", ,"19,721,000.00","19,699,146.73","19,725,257.50","19,665,171.98","19,665,210.48","1,015.60
0","737.65
0","5,582.50
0","2,922.50
0","4,497.50
0","31,706.80
0","21,311.75
0.75","19,257.50
2.32","34,850.00
4.04","20,550.75
5.61","10,522.50
7.26","63,401.53
8.98","46,748.56
10.48","22,398.55
12.20","13,557.70
13.85","84,124.62
15.42","10,298.00
17.14","18,735.22
18.64","81,494.43
20.21","46,871.18
21.86","11,134.25
23.58","233,261.11
25.08","196,704.56
26.80","22,083.50
28.45","64,862.33
30.02","605,019.10
31.74","143,119.09
33.31","3,724,736.02
34.96","785,518.86
36.68","278,236.89
38.18","216,611.93
39.83","197,589.95
41.47","277,448.69
43.05","68,649.22
44.69","552,937.52
46.42","523,178.34
47.99","482,203.01
49.64","457,544.19
51.28","212,707.04
52.85","57,396.08
54.58","120,491.76
56.15","112,575.95
57.65","228,066.74
59.37","622,693.56
61.01","618,109.41
62.59","815,002.88
64.23","1,283,033.32
65.88","979,194.25
67.53","1,092,902.87
69.17","1,264,183.80
70.75","673,091.84
72.39","334,776.60
74.12","7,980.29
75.69","157,549.26
77.19","254,299.65
78.91","188,573.78
80.48","10,821.00
82.13","294,025.20
83.77","349,197.41
85.35","485,471.05
87.07","27,882.42
88.71","13,256.50
90.29","62,545.92
91.93","413.25
93.58","2,723.25
95.23","801.50
96.72","124.50
98.45","972.00
99.25","12,885.50
99.25","38.50
100"
,Total,,,,,,,1015.60,737.65,5582.50,2922.50,4497.50,31706.80,21311.75,19257.50,34850.00,20550.75,10522.50,63401.53,46748.56,22398.55,13557.70,84124.62,10298.00,18735.22,81494.43,46871.18,11134.25,233261.11,196704.56,22083.50,64862.33,605019.10,143119.09,3724736.02,785518.86,278236.89,216611.93,197589.95,277448.69,68649.22,552937.52,523178.34,482203.01,"457,544.19",212707.04,57396.08,120491.76,112575.95,228066.74,622693.56,618109.41,815002.88,1283033.32,979194.25,1092902.87,1264183.80,673091.84,334776.60,7980.29,157549.26,254299.65,188573.78,10821.00,294025.20,349197.41,485471.05,27882.42,13256.50,62545.92,413.25,2723.25,801.50,124.50,972.00,12885.50,38.50
,Cumulative,,,,,,,1015.60,1753.25,7335.75,10258.25,14755.75,46462.55,67774.30,87031.80,121881.80,142432.55,152955.05,216356.58,263105.14,285503.69,299061.39,383186.01,393484.01,412219.23,493713.66,540584.84,551719.09,784980.20,981684.76,1003768.26,1068630.59,1673649.69,1816768.78,5541504.80,6327023.66,6605260.55,6821872.48,7019462.43,7296911.12,7365560.34,7918497.86,8441676.20,8923879.21,9381423.40,9594130.44,9651526.52,9772018.28,9884594.23,10112660.97,10735354.53,11353463.94,12168466.82,13451500.14,14430694.39,15523597.26,16787781.06,17460872.90,17795649.50,17803629.79,17961179.05,18215478.70,18404052.48,18414873.48,18708898.68,19058096.09,19543567.14,19571449.56,19584706.06,19647251.98,19647665.23,19650388.48,19651189.98,19651314.48,19652286.48,19665171.98,19665210.48
,Line 6 Cumulative,,,,,,,0.00,635.00,6217.50,9140.00,13637.50,16525.00,16525.00,20780.00,25005.00,29382.50,32415.00,36725.00,40644.25,50705.00,50705.00,55459.50,59337.50,67489.75,73203.00,86640.75,95850.00,106024.75,123466.25,136328.50,153760.75,176680.25,201577.25,222761.50,242415.75,257633.25,281947.75,313969.00,337395.25,348459.25,366578.25,421969.25,443352.25,466542.50,494570.25,509402.75,509402.75,516590.75,544131.25,558308.25,574571.75,591593.75,591593.75,617845.25,635264.25,653239.25,672854.25,672854.25,672854.25,689640.25,689640.25,712361.25,720340.25,721231.25,721231.25,704272.25,705170.75,705372.25,706093.25,706506.50,707736.00,708537.50,708662.00,708748.00,709633.50,709672.00